year,announced,effective,sp500_additions,sp500_removals,quarterly_rebalance,url
2012,2012-02-09,,,,no,https://press.spglobal.com/2012-02-09-S-P-Indices-Announces-Changes-to-U-S-Indices
2012,2012-03-09,2012-03-16,,,no,https://press.spglobal.com/2012-03-09-S-P-Indices-Announces-Changes-to-U-S-Index
2012,2012-03-20,2012-03-26,,,no,https://press.spglobal.com/2012-03-20-S-P-Indices-Announces-Changes-to-U-S-Indices
2012,2012-03-28,,Fossil,Medco Health Solutions,no,https://press.spglobal.com/2012-03-28-S-P-Indices-Announces-Changes-to-U-S-Indices
2012,2012-04-04,,,,no,https://press.spglobal.com/2012-04-04-S-P-Indices-Announces-Change-to-U-S-Index
2012,2012-04-23,2012-04-30,Phillips 66,SUPERVALU,no,https://press.spglobal.com/2012-04-23-S-P-Indices-Announces-Changes-to-U-S-Indices
2012,2012-05-10,,,,no,https://press.spglobal.com/2012-05-10-S-P-Indices-Announces-Changes-to-U-S-Indices
2012,2012-05-21,2012-05-24,Alexion Pharmaceuticals,Motorola Mobility,no,https://press.spglobal.com/2012-05-21-S-P-Indices-Announces-Change-to-U-S-Index
2012,2012-06-21,,,,no,https://press.spglobal.com/2012-06-21-S-P-Indices-Announces-Changes-to-U-S-Indices
2012,2012-09-25,2012-10-01,Kraft Foods Group,Alpha Natural Resources,no,https://press.spglobal.com/2012-09-25-Kraft-Foods-Group-Set-to-Join-the-S-P-500-Alpha-Natural-Resources-InterDigital-Genesee-Wyoming-to-Join-the-S-P-MidCap-400-and-Korn-Ferry-to-Join-the-S-P-SmallCap-600
2012,2012-12-05,2012-12-11,Garmin,R.R. Donnelley,no,https://press.spglobal.com/2012-12-05-Garmin-Set-to-Join-the-S-P-500-R-R-Donnelly-Sons-to-Join-S-P-MidCap-400
2012,2012-12-20,2012-12-31,AbbVie,,no,https://press.spglobal.com/2012-12-20-AbbVie-Set-to-Join-S-P-100-500-Federated-Investors-Set-to-Join-S-P-MidCap-400-ITT-Educational-Services-Procera-Networks-to-Join-S-P-SmallCap-600
2013,2013-05-22,,,,no,https://press.spglobal.com/2013-05-22-Dominos-Pizza-to-Join-S-P-MidCap-400-Cynosure-to-Join-S-P-SmallCap-600
2013,2013-06-03,,General Motors,,no,https://press.spglobal.com/2013-06-03-General-Motors-Set-to-Join-S-P-100-500-American-International-Group-to-Join-S-P-100
2013,2013-06-14,,Zoetis,,no,https://press.spglobal.com/2013-06-14-Zoetis-Set-to-Join-S-P-500-First-Horizon-National-to-Join-S-P-MidCap-400-QLogic-to-Join-S-P-SmallCap-600
2013,2013-09-23,,,,no,https://press.spglobal.com/2013-09-23-Cubist-Pharmaceuticals-Science-Applications-International-Set-to-Join-the-S-P-MidCap-400-Annies-Barnes-Noble-to-Join-S-P-SmallCap-600
2014,2014-02-24,,,,no,https://press.spglobal.com/2014-02-24-S-P-U-S-Indices-Methodology-Update
2014,2014-03-11,,,,no,https://press.spglobal.com/2014-03-11-S-P-Dow-Jones-Indices-Announces-Changes-in-Treatment-of-Multiple-Share-Classes-in-U-S-Indices-and-Revises-Previously-Announced-Treatment-of-Google-Stock-Split
2014,2014-06-27,2014-07-01,Martin Marietta Materials,United States Steel,no,https://press.spglobal.com/2014-06-27-Martin-Marietta-Materials-Set-to-Join-the-S-P-500-United-States-Steel-Corp-Set-to-Join-the-S-P-MidCap-400-and-Depomed-Inc-Set-to-Join-the-S-P-SmallCap-600
2015,2015-03-16,,American Airlines Group,,no,https://press.spglobal.com/2015-03-16-American-Airlines-Group-Set-to-Join-the-S-P-500
2015,2015-06-19,2015-06-30,Baxalta,QEP Resources,no,https://press.spglobal.com/2015-06-19-The-Priceline-Group-Set-to-Join-the-S-P-100-Baxalta-to-Join-the-500-Other-Changes-to-S-P-MidCap-400-S-P-SmallCap-600
2015,2015-07-06,2015-07-08,Advance Auto Parts,Family Dollar Stores,no,https://press.spglobal.com/2015-07-06-Advance-Auto-Parts-Set-to-Join-the-S-P-500-Jack-in-the-Box-West-Pharmaceutical-Services-to-Join-S-P-MidCap-400-Northfield-Bancorp-Constant-Contact-to-Join-S-P-SmallCap-600
2015,2015-07-14,2015-07-17,PayPal Holdings,Noble Corporation,no,https://press.spglobal.com/2015-07-14-PayPal-Holdings-Set-to-Join-S-P-100-500-Others-to-Join-S-P-MidCap-400-and-S-P-SmallCap-600
2015,2015-08-10,,,,no,https://press.spglobal.com/2015-08-10-S-P-U-S-Indices-Methodology-Update-and-Constituent-Additions
2015,2015-08-27,2015-08-28,Activision Blizzard / United Continental,Pall / Hospira,no,https://press.spglobal.com/2015-08-27-Activision-Blizzard-United-Continental-Holdings-Set-to-Join-the-S-P-500
2015,2015-10-27,2015-10-30,Hewlett Packard Enterprise,Hudson City Bancorp,no,https://press.spglobal.com/2015-10-27-Blackrock-Set-to-Join-the-S-P-100-Hewlett-Packard-Enterprise-to-Join-the-S-P-500-Others-to-Join-S-P-MidCap-400-S-P-SmallCap-600
2016,2016-01-22,,Federal Realty Investment Trust,Broadcom,no,https://press.spglobal.com/2016-01-22-Federal-Realty-Investment-Trust-Set-to-Join-the-S-P-500-Curtiss-Wright-Pool-to-Join-S-P-MidCap-400-Cray-Asbury-Automotive-to-Join-S-P-SmallCap-600
2016,2016-03-01,2016-03-03,American Water Works,CONSOL Energy,no,https://press.spglobal.com/2016-03-01-American-Water-Works-Set-to-Join-the-S-P-500-CONSOL-Energy-to-Join-S-P-MidCap-400
2016,2016-04-19,,Global Payments,GameStop,no,https://press.spglobal.com/2016-04-19-Global-Payments-Set-to-Join-the-S-P-500-GameStop-to-Join-S-P-MidCap-400-Chuys-Holdings-and-Krispy-Kreme-to-Join-SmallCap-600
2016,2016-05-27,2016-06-02,TransDigm Group,Baxalta,no,https://press.spglobal.com/2016-05-27-TransDigm-Group-Set-to-Join-the-S-P-500-Helen-of-Troy-and-Brocade-Communications-Systems-to-Join-S-P-MidCap-400-Team-and-MDC-Holdings-to-Join-S-P-SmallCap-600
2016,2016-06-23,2016-07-01,Albemarle / Fortive,Columbia Pipeline Group,no,https://press.spglobal.com/2016-06-23-Albemarle-and-Fortive-Set-to-Join-the-S-P-500-EMCOR-to-Join-S-P-MidCap-400-Inteliquent-to-Join-S-P-SmallCap-600
2016,2016-11-29,,Mid-America Apartment Communities / AmSurg,,no,https://press.spglobal.com/2016-11-29-Mid-America-Apartment-Communities-AmSurg-to-Join-S-P-500-Others-to-Join-S-P-MidCap-400-and-S-P-SmallCap-600
2017,2017-03-10,,,,no,https://press.spglobal.com/2017-03-10-S-P-Dow-Jones-Indices-Announces-Changes-to-U-S-Indices-and-Updates-to-U-S-Indices-Methodology-and-Market-Cap-Guidelines
2017,2017-05-24,2017-06-02,IHS Markit,TEGNA,yes,https://press.spglobal.com/2017-05-24-IHS-Markit-Set-to-Join-S-P-500-TEGNA-and-Cars-com-to-Join-S-P-MidCap-400-J-C-Penney-Time-and-Independence-Realty-Trust-to-Join-S-P-SmallCap-600
2017,2017-08-24,,Quintiles IMS Holdings / SBA Communications,,no,https://press.spglobal.com/2017-08-24-Charter-Communications-Set-to-Join-S-P-100-Quintiles-IMS-Holdings-and-SBA-Communications-to-Join-S-P-500
2018,2018-03-28,,MSCI,,no,https://press.spglobal.com/2018-03-28-MSCI-Set-to-Join-S-P-500-Lumentum-Holdings-to-Join-S-P-MidCap-400-C-J-Energy-Services-to-Join-S-P-SmallCap-600
2018,2018-06-04,,Twitter,,no,https://press.spglobal.com/2018-06-04-Netflix-Set-to-Join-S-P-100-Twitter-to-Join-S-P-500-REGENXBIO-to-Join-S-P-SmallCap-600
2018,2018-06-15,,FleetCor Technologies,,no,https://press.spglobal.com/2018-06-15-NVIDIA-Set-to-Join-S-P-100-FleetCor-Technologies-to-Join-S-P-500-Penn-Virginia-to-Join-S-P-SmallCap-600
2018,2018-06-25,2018-07-02,Copart,Dr Pepper Snapple Group,no,https://press.spglobal.com/2018-06-25-Copart-Set-to-Join-S-P-500-Exelixis-to-Join-S-P-MidCap-400-Clarifications-to-S-P-U-S-Indices-Methodology
2018,2018-08-23,,Arista Networks,,no,https://press.spglobal.com/2018-08-23-Arista-Networks-Set-to-Join-S-P-500-and-Ichor-Holdings-to-Join-S-P-SmallCap-600
2018,2018-09-11,,WellCare Health Plans,,no,https://press.spglobal.com/2018-09-11-WellCare-Health-Plans-Set-to-Join-S-P-500-HealthEquity-to-Join-S-P-MidCap-400-Laredo-Petroleum-to-Join-S-P-SmallCap-600
2018,2018-10-30,2018-11-06,Keysight Technologies,CA Inc.,no,https://press.spglobal.com/2018-10-30-Keysight-Technologies-Set-to-Join-S-P-500-Ligand-Pharmaceuticals-to-Join-S-P-MidCap-400-Marcus-Millichap-and-Arcosa-to-Join-S-P-SmallCap-600
2019,2019-03-14,2019-03-19,Fox Corp,,no,https://press.spglobal.com/2019-03-14-Fox-Set-to-Join-S-P-500-Adobe-to-Join-S-P-100
2019,2019-06-03,,Bemis,Mattel,no,https://press.spglobal.com/2019-06-03-Bemis-Set-to-Join-S-P-500-Mattel-to-Join-S-P-MidCap-400
2019,2019-09-20,,NVR,Jefferies Financial Group,no,https://press.spglobal.com/2019-09-20-NVR-Set-to-Join-S-P-500-Jefferies-Financial-Group-II-VI-to-Join-S-P-MidCap-400-Callon-Petroleum-PriceSmart-to-Join-S-P-SmallCap-600
2019,2019-09-26,,Las Vegas Sands,,no,https://press.spglobal.com/2019-09-26-Las-Vegas-Sands-Set-to-Join-S-P-500-Nektar-Therapeutics-to-Join-S-P-MidCap-400-The-Pennant-Group-to-Join-S-P-SmallCap-600
2019,2019-12-13,2019-12-23,Live Nation / Zebra Technologies / STERIS,Affiliated Managers / TripAdvisor / Macerich,yes,https://press.spglobal.com/2019-12-13-Live-Nation-Entertainment-Zebra-Technologies-STERIS-Set-to-Join-S-P-500-Others-to-Join-S-P-MidCap-400-and-S-P-SmallCap-600
2020,2020-03-31,2020-04-03,Otis Worldwide / Carrier Global,,no,https://press.spglobal.com/2020-03-31-Otis-Worldwide-and-Carrier-Global-Set-to-Join-S-P-500-American-Tower-to-Join-S-P-100-and-Macys-to-Join-S-P-SmallCap-600
2020,2020-05-06,2020-05-12,DexCom / Domino's Pizza,Capri Holdings,no,https://press.spglobal.com/2020-05-06-DexCom-Dominos-Pizza-Set-to-Join-S-P-500-Salesforce-com-to-Join-S-P-100-STORE-Capital-to-Join-S-P-MidCap-400-Capri-Holdings-to-Join-S-P-SmallCap-600
2020,2020-06-12,2020-06-22,Tyler Technologies / Bio-Rad / Teledyne,,yes,https://press.spglobal.com/2020-06-12-S-P-Dow-Jones-Indices-Announces-Tyler-Technologies-Bio-Rad-Laboratories-and-Teledyne-Technologies-Set-to-Join-S-P-500-Others-to-Join-S-P-MidCap-400-and-S-P-SmallCap-600
2020,2020-09-04,2020-09-21,Etsy / Teradyne / Catalent,,yes,https://press.spglobal.com/2020-09-04-Etsy-Teradyne-and-Catalent-Set-to-Join-S-P-500-Others-to-Join-S-P-MidCap-400-and-S-P-SmallCap-600
2020,2020-11-16,2020-12-21,Tesla,,no,https://press.spglobal.com/2020-11-16-Tesla-Set-to-Join-S-P-500
2020,2020-11-30,2020-12-21,Tesla (implementation),,no,https://press.spglobal.com/2020-11-30-S-P-Dow-Jones-Indices-Announces-Implementation-of-Teslas-Addition-to-S-P-500
2020,2020-12-11,2020-12-21,Tesla,,yes,https://press.spglobal.com/2020-12-11-Tesla-Set-to-Join-S-P-500-100-Apartment-Income-REIT-to-Join-S-P-MidCap-400
2020,2020-12-30,2021-01-07,Enphase Energy,Tiffany & Co,no,https://press.spglobal.com/2020-12-30-Enphase-Energy-Set-to-Join-S-P-500-Capri-Holdings-Brooks-Automation-to-Join-S-P-MidCap-400-Celsius-Holdings-e-l-f-Beauty-to-Join-S-P-SmallCap-600
2021,2021-02-08,,Monolithic Power Systems,,no,https://press.spglobal.com/2021-02-08-Monolithic-Power-Systems-Set-to-Join-S-P-500-Iridium-Communications-to-Join-S-P-MidCap-400-Collegium-Pharmaceutical-to-Join-S-P-SmallCap-600
2021,2021-03-12,2021-03-22,NXP Semiconductors / Penn National / Generac / Caesars,,yes,https://press.spglobal.com/2021-03-12-NXP-Semiconductors-Penn-National-Gaming-Generac-Holdings-and-Caesars-Entertainment-Set-to-Join-S-P-500-Others-to-Join-S-P-MidCap-400-S-P-SmallCap-600-and-S-P-100
2021,2021-05-27,2021-06-03,Organon,HollyFrontier,no,https://press.spglobal.com/2021-05-27-Organon-Set-to-Join-S-P-500-HollyFrontier-to-Join-S-P-MidCap-400-Service-Properties-Trust-to-Join-S-P-SmallCap-600
2021,2021-07-15,2021-07-21,Moderna,Alexion Pharmaceuticals,no,https://press.spglobal.com/2021-07-15-Moderna-Set-to-Join-S-P-500
2021,2021-09-03,2021-09-20,Match Group / Ceridian HCM / Brown & Brown,Perrigo,yes,"https://press.spglobal.com/2021-09-03-Match-Group,-Ceridian-HCM-and-Brown-Brown-Set-to-Join-S-P-500-Others-to-Join-S-P-MidCap-400-and-S-P-SmallCap-600"
2021,2021-12-03,2021-12-20,Signature Bank / SolarEdge / FactSet,Leggett & Platt / Hanesbrands / Western Union,yes,"https://press.spglobal.com/2021-12-03-Signature-Bank,-SolarEdge-Technologies-and-FactSet-Research-Systems-Set-to-Join-S-P-500-Others-to-Join-S-P-MidCap-400-and-S-P-SmallCap-600"
2022,2022-01-26,2022-02-03,Constellation Energy,Gap,no,https://press.spglobal.com/2022-01-26-Constellation-Energy-Set-to-Join-S-P-500-Others-to-Join-S-P-MidCap-400-and-S-P-SmallCap-600
2022,2022-02-10,2022-02-15,Nordson,Xilinx,no,https://press.spglobal.com/2022-02-10-Nordson-Set-to-Join-S-P-500-PDC-Energy-to-Join-S-P-MidCap-400-XPEL-to-Join-S-P-SmallCap-600
2022,2022-03-04,2022-03-14,(none),(none),yes,https://press.spglobal.com/2022-03-04-Charles-Schwab-Set-to-Join-S-P-100-BellRing-Brands-to-Join-S-P-MidCap-400-Cerence-to-Join-S-P-SmallCap-600
2022,2022-06-03,2022-06-21,Keurig Dr Pepper / VICI Properties / ON Semiconductor,Under Armour / IPG Photonics,yes,"https://press.spglobal.com/2022-06-03-Keurig-Dr-Pepper,-VICI-Properties-and-ON-Semiconductor-Set-to-Join-S-P-500-Others-to-Join-S-P-MidCap-400,-and-S-P-SmallCap-600"
2022,2022-09-02,2022-09-19,CoStar Group / Invitation Homes,,yes,"https://press.spglobal.com/2022-09-02-CoStar-Group,-Invitation-Homes-Set-to-Join-S-P-500-Others-to-Join-S-P-100,-S-P-MidCap-400,-and-S-P-SmallCap-600"
2022,2022-12-12,2022-12-19,First Solar,Fortune Brands Home & Security,no,https://press.spglobal.com/2022-12-12-First-Solar-Set-to-Join-S-P-500-Fortune-Brands-Innovations-to-Join-S-P-MidCap-400-MasterBrand-to-Join-S-P-SmallCap-600
2022,2022-12-19,2022-12-22,Steel Dynamics,Abiomed,no,https://press.spglobal.com/2022-12-19-Steel-Dynamics-Set-to-Join-S-P-500-Super-Micro-Computer-to-Join-S-P-MidCap-400
2023,2023-03-03,2023-03-20,Fair Isaac,Lumen Technologies,yes,https://press.spglobal.com/2023-03-03-Fair-Isaac-Co-Set-to-Join-S-P-500-Others-to-Join-S-P-MidCap-400-and-S-P-SmallCap-600
2023,2023-03-10,,Insulet,,no,https://press.spglobal.com/2023-03-10-Insulet-Set-to-Join-S-P-500
2023,2023-06-02,2023-06-20,Palo Alto Networks,DISH Network,yes,https://press.spglobal.com/2023-06-02-Palo-Alto-Networks-Set-to-S-P-500-Others-to-Join-S-P-MidCap-400-and-S-P-SmallCap-600
2023,2023-09-01,2023-09-18,Blackstone / Airbnb,Lincoln National / Newell Brands,yes,"https://press.spglobal.com/2023-09-01-Blackstone-and-Airbnb-Set-to-Join-S-P-500-Others-to-Join-S-P-100,-S-P-MidCap-400-and-S-P-SmallCap-600"
2023,2023-12-01,2023-12-18,Uber / Jabil / Builders FirstSource,,yes,"https://press.spglobal.com/2023-12-01-Uber-Technologies,-Jabil-and-Builders-FirstSource-Set-to-Join-S-P-500-Others-to-Join-S-P-MidCap-400-and-S-P-SmallCap-600"
2023,2023-12-19,,,,no,https://press.spglobal.com/2023-12-19-Livent-Set-to-Join-S-P-MidCap-400-NCR-Voyix-and-Rush-Enterprises-to-Join-S-P-SmallCap-600
2024,2024-03-01,2024-03-18,Super Micro Computer / Deckers Outdoor,Whirlpool / Zions Bancorporation,yes,"https://press.spglobal.com/2024-03-01-Super-Micro-Computer-and-Deckers-Outdoor-Set-to-Join-S-P-500-Others-to-Join-S-P-100,-S-P-MidCap-400-and-S-P-SmallCap-600"
2024,2024-03-27,2024-04-01,GE Vernova / Solventum,Dentsply Sirona / V.F. Corp,no,https://press.spglobal.com/2024-03-27-GE-Vernova-and-Solventum-Set-to-Join-S-P-500-Dentsply-Sirona-to-Join-S-P-MidCap-400-Others-to-Join-S-P-SmallCap-600
2024,2024-05-03,2024-05-08,Vistra,Pioneer Natural Resources,no,https://press.spglobal.com/2024-05-03-Vistra-Set-to-Join-S-P-500-Aaon-to-Join-S-P-MidCap-400-Marathon-Digital-Holdings-to-Join-S-P-SmallCap-600
2024,2024-06-07,2024-06-24,KKR / CrowdStrike / GoDaddy,Robert Half / Comerica / Illumina,yes,"https://press.spglobal.com/2024-06-07-KKR,-CrowdStrike-Holdings-and-GoDaddy-Set-to-Join-S-P-500-Others-to-Join-S-P-MidCap-400-and-S-P-SmallCap-600"
2024,2024-09-06,2024-09-23,Palantir / Dell / Erie Indemnity,American Airlines / Etsy / Bio-Rad,yes,"https://press.spglobal.com/2024-09-06-Palantir-Technologies,-Dell-Technologies,-and-Erie-Indemnity-Set-to-Join-S-P-500-Others-to-Join-S-P-MidCap-400-and-S-P-SmallCap-600"
2024,2024-12-06,2024-12-23,Apollo Global Management / Workday,,yes,https://press.spglobal.com/2024-12-06-Apollo-Global-Management-and-Workday-Set-to-Join-S-P-500-Others-to-Join-S-P-MidCap-400-and-S-P-SmallCap-600
2025,2025-03-07,2025-03-24,DoorDash / TKO Group / Williams-Sonoma / Expand Energy,BorgWarner / Celanese / FMC / Teleflex,yes,"https://press.spglobal.com/2025-03-07-DoorDash,-TKO-Group-Holdings,-Williams-Sonoma-and-Expand-Energy-Set-to-Join-S-P-500-Others-to-Join-S-P-100,-S-P-MidCap-400-and-S-P-SmallCap-600"
2025,2025-05-12,2025-05-19,Coinbase Global,Discover Financial Services,no,https://press.spglobal.com/2025-05-12-Coinbase-Global-Set-to-Join-S-P-500
2025,2025-07-02,2025-07-09,Datadog,Juniper Networks,no,https://press.spglobal.com/2025-07-02-Datadog-Set-to-Join-S-P-500
2025,2025-07-14,2025-07-18,The Trade Desk,ANSYS,no,https://press.spglobal.com/2025-07-14-The-Trade-Desk-Set-to-Join-S-P-500
2025,2025-07-18,2025-07-23,Block,Hess,no,https://press.spglobal.com/2025-07-18-Block-Set-to-Join-S-P-500
2025,2025-08-25,2025-08-28,Interactive Brokers Group,Walgreens Boots Alliance,no,"https://press.spglobal.com/2025-08-25-Interactive-Brokers-Group-Set-to-Join-S-P-500,-Talen-Energy-to-Join-S-P-MidCap-400-and-Kinetik-Holdings-to-Join-S-P-SmallCap-600"
2025,2025-09-05,2025-09-22,AppLovin / Robinhood Markets / Emcor Group,Caesars / Enphase / MarketAxess,yes,"https://press.spglobal.com/2025-09-05-AppLovin,-Robinhood-Markets-and-Emcor-Group-Set-to-Join-S-P-500-Others-to-Join-S-P-100,-S-P-MidCap-400-and-S-P-SmallCap-600"
2025,2025-10-27,2025-10-31,Solstice Advance Materials / Qnity Electronics,CarMax / Eastman Chemical,no,https://press.spglobal.com/2025-10-27-Solstice-Advance-Materials-and-Qnity-Electronics-Set-to-Join-S-P-500-Others-to-Join-S-P-SmallCap-600
2025,2025-11-24,2025-11-28,Sandisk,Interpublic Group,no,"https://press.spglobal.com/2025-11-24-Sandisk-Set-to-Join-S-P-500-Upwork,-First-Interstate-BancSystem,-PTC-Therapeutics-to-Join-S-P-SmallCap-600"
2025,2025-12-05,2025-12-22,CRH / Carvana / Comfort Systems USA,LKQ / Mohawk / Solstice,yes,"https://press.spglobal.com/2025-12-05-CRH,-Carvana-and-Comfort-Systems-USA-Set-to-Join-S-P-500-Others-to-Join-S-P-MidCap-400-and-S-P-SmallCap-600"
2025,2025-12-08,2025-12-11,Ares Management,Kellanova,no,https://press.spglobal.com/2025-12-08-Ares-Management-Set-to-Join-S-P-500-Sezzle-and-Vital-Farms-to-Join-S-P-SmallCap-600
2026,2026-02-04,2026-02-09,Ciena,Dayforce,no,https://press.spglobal.com/2026-02-04-Ciena-Set-to-Join-S-P-500-Arrowhead-Pharmaceuticals-to-Join-S-P-MidCap-400-ADT-and-OneSpaWorld-Holdings-to-Join-S-P-SmallCap-600
2026,2026-03-06,2026-03-23,Vertiv / Lumentum / Coherent / EchoStar,Lamb Weston / Molina / Match / Paycom,yes,"https://press.spglobal.com/2026-03-06-Vertiv-Holdings,-Lumentum-Holdings,-Coherent,-and-EchoStar-Set-to-Join-S-P-500-Others-to-Join-S-P-100,-S-P-MidCap-400,-and-S-P-SmallCap-600"
2026,2026-04-06,2026-04-09,Casey's General Stores,Hologic,no,https://press.spglobal.com/2026-04-06-Caseys-General-Stores-Set-to-Join-S-P-500-DigitalOcean-Holdings-to-Join-S-P-MidCap-400-Broadstone-Net-Lease-to-Join-S-P-SmallCap-600
2026,2026-04-30,2026-05-07,Veeva Systems,Coterra Energy,no,https://press.spglobal.com/2026-04-30-Veeva-Systems-Set-to-Join-S-P-500
2026,2026-05-27,2026-06-02,FedEx Freight,EPAM Systems,no,https://press.spglobal.com/2026-05-27-FedEx-Freight-Holding-Company-Set-to-Join-S-P-500-EPAM-Systems-and-Dave-to-Join-S-P-SmallCap-600
2026,2026-06-05,2026-06-22,Marvell Technology / Flex,Campbell's / Pool Corp,yes,https://press.spglobal.com/2026-06-05-Marvell-Technology-and-Flex-Set-to-Join-S-P-500-Others-to-Join-S-P-MidCap-400-and-S-P-SmallCap-600
2026,2026-06-23,2026-06-29,Honeywell Aerospace,Conagra Brands,no,https://press.spglobal.com/2026-06-23-Honeywell-Aerospace-Set-to-Join-S-P-500-S-P-100-Others-to-Join-S-P-MidCap-400-and-S-P-SmallCap-600
2026,2026-07-31,2026-08-05,Ferguson Enterprises,,no,https://press.spglobal.com/2026-07-31-Ferguson-Enterprises-Set-to-Join-S-P-500-and-ADI-Global-Distribution-to-Join-S-P-SmallCap-600
2026,2026-08-13,2026-08-18,Reddit,,no,https://press.spglobal.com/2026-08-13-Reddit-Set-to-Join-S-P-500-and-Sun-Communities-to-Join-S-P-MidCap-400
